Titrant Volume,pH
0,7.948822
0.6,6.364133
0.7,5.464142
0.8,4.064303
0.9,3.685889
1,3.498321
1.1,3.38839
